{
	"credit": "Made with Blockbench",
	"ambientocclusion": false,
	"textures": {
		"particle": "block/lily_pad_0",
		"texture": "block/lily_pad_0"
	},
	"elements": [
		{
			"from": [5, -1.25, 0],
			"to": [11, -0.75, 1],
			"faces": {
				"north": {"uv": [5, 0, 11, 0.5], "texture": "#texture", "tintindex": 0},
				"east": {"uv": [10, 0, 11, 0.5], "texture": "#texture", "tintindex": 0},
				"south": {"uv": [5, 0, 11, 0.5], "texture": "#texture", "tintindex": 0},
				"west": {"uv": [5, 0, 6, 0.5], "texture": "#texture", "tintindex": 0},
				"up": {"uv": [5, 0, 11, 1], "texture": "#texture", "tintindex": 0},
				"down": {"uv": [5, 0, 11, 1], "texture": "#texture", "tintindex": 0}
			}
		},
		{
			"from": [4, -1.25, 1],
			"to": [13, -0.75, 3],
			"faces": {
				"north": {"uv": [4, 1, 13, 2], "texture": "#texture", "tintindex": 0},
				"east": {"uv": [12, 1, 13, 3], "texture": "#texture", "tintindex": 0},
				"south": {"uv": [4, 2, 13, 3], "texture": "#texture", "tintindex": 0},
				"west": {"uv": [4, 1, 5, 3], "texture": "#texture", "tintindex": 0},
				"up": {"uv": [4, 1, 13, 3], "texture": "#texture", "tintindex": 0},
				"down": {"uv": [4, 3, 13, 1], "texture": "#texture", "tintindex": 0}
			}
		},
		{
			"from": [5, -1.25, 3],
			"to": [14, -0.75, 5],
			"faces": {
				"north": {"uv": [5, 3, 14, 4], "texture": "#texture", "tintindex": 0},
				"east": {"uv": [13, 3, 14, 5], "texture": "#texture", "tintindex": 0},
				"south": {"uv": [5, 4, 14, 5], "texture": "#texture", "tintindex": 0},
				"west": {"uv": [5, 3, 6, 5], "texture": "#texture", "tintindex": 0},
				"up": {"uv": [5, 3, 14, 5], "texture": "#texture", "tintindex": 0},
				"down": {"uv": [5, 5, 14, 3], "texture": "#texture", "tintindex": 0}
			}
		},
		{
			"from": [6, -1.25, 5],
			"to": [14, -0.75, 6],
			"faces": {
				"north": {"uv": [6, 5, 14, 6], "texture": "#texture", "tintindex": 0},
				"east": {"uv": [13, 5, 14, 6], "texture": "#texture", "tintindex": 0},
				"south": {"uv": [6, 5, 14, 6], "texture": "#texture", "tintindex": 0},
				"west": {"uv": [6, 5, 7, 6], "texture": "#texture", "tintindex": 0},
				"up": {"uv": [6, 5, 14, 6], "texture": "#texture", "tintindex": 0},
				"down": {"uv": [6, 5, 14, 6], "texture": "#texture", "tintindex": 0}
			}
		},
		{
			"from": [13, -1.25, 2],
			"to": [14, -0.75, 3],
			"faces": {
				"north": {"uv": [13, 2, 14, 3], "texture": "#texture", "tintindex": 0},
				"east": {"uv": [13, 2, 14, 3], "texture": "#texture", "tintindex": 0},
				"south": {"uv": [13, 2, 14, 3], "texture": "#texture", "tintindex": 0},
				"west": {"uv": [13, 2, 14, 3], "texture": "#texture", "tintindex": 0},
				"up": {"uv": [13, 2, 14, 3], "texture": "#texture", "tintindex": 0},
				"down": {"uv": [13, 2, 14, 3], "texture": "#texture", "tintindex": 0}
			}
		},
		{
			"from": [0, -1.25, 10],
			"to": [1, -0.75, 11],
			"faces": {
				"north": {"uv": [0, 10, 1, 11], "texture": "#texture", "tintindex": 0},
				"east": {"uv": [0, 10, 1, 11], "texture": "#texture", "tintindex": 0},
				"south": {"uv": [0, 10, 1, 11], "texture": "#texture", "tintindex": 0},
				"west": {"uv": [0, 10, 1, 11], "texture": "#texture", "tintindex": 0},
				"up": {"uv": [0, 10, 1, 11], "texture": "#texture", "tintindex": 0},
				"down": {"uv": [0, 10, 1, 11], "texture": "#texture", "tintindex": 0}
			}
		},
		{
			"from": [0, -1.25, 5],
			"to": [5, -0.75, 6],
			"faces": {
				"north": {"uv": [0, 5, 5, 6], "texture": "#texture", "tintindex": 0},
				"east": {"uv": [4, 5, 5, 6], "texture": "#texture", "tintindex": 0},
				"south": {"uv": [0, 5, 5, 6], "texture": "#texture", "tintindex": 0},
				"west": {"uv": [0, 5, 1, 6], "texture": "#texture", "tintindex": 0},
				"up": {"uv": [0, 5, 5, 6], "texture": "#texture", "tintindex": 0},
				"down": {"uv": [0, 5, 5, 6], "texture": "#texture", "tintindex": 0}
			}
		},
		{
			"from": [1, -1.25, 4],
			"to": [3, -0.75, 5],
			"faces": {
				"north": {"uv": [1, 4, 3, 5], "texture": "#texture", "tintindex": 0},
				"east": {"uv": [2, 4, 3, 5], "texture": "#texture", "tintindex": 0},
				"south": {"uv": [1, 4, 3, 5], "texture": "#texture", "tintindex": 0},
				"west": {"uv": [1, 4, 2, 5], "texture": "#texture", "tintindex": 0},
				"up": {"uv": [1, 4, 3, 5], "texture": "#texture", "tintindex": 0},
				"down": {"uv": [1, 4, 3, 5], "texture": "#texture", "tintindex": 0}
			}
		},
		{
			"from": [14, -1.25, 4],
			"to": [15, -0.75, 6],
			"faces": {
				"north": {"uv": [14, 4, 15, 5], "texture": "#texture", "tintindex": 0},
				"east": {"uv": [14, 4, 15, 6], "texture": "#texture", "tintindex": 0},
				"south": {"uv": [14, 5, 15, 6], "texture": "#texture", "tintindex": 0},
				"west": {"uv": [14, 4, 15, 6], "texture": "#texture", "tintindex": 0},
				"up": {"uv": [14, 4, 15, 6], "texture": "#texture", "tintindex": 0},
				"down": {"uv": [14, 4, 15, 6], "texture": "#texture", "tintindex": 0}
			}
		},
		{
			"from": [0, -1.25, 6],
			"to": [16, -0.75, 10],
			"faces": {
				"north": {"uv": [0, 6, 16, 7], "texture": "#texture", "tintindex": 0},
				"east": {"uv": [15, 6, 16, 10], "texture": "#texture", "tintindex": 0},
				"south": {"uv": [0, 9, 16, 10], "texture": "#texture", "tintindex": 0},
				"west": {"uv": [0, 6, 1, 10], "texture": "#texture", "tintindex": 0},
				"up": {"uv": [0, 6, 16, 10], "texture": "#texture", "tintindex": 0},
				"down": {"uv": [0, 10, 16, 6], "texture": "#texture", "tintindex": 0}
			}
		},
		{
			"from": [1, -1.25, 10],
			"to": [15, -0.75, 12],
			"faces": {
				"north": {"uv": [1, 10, 15, 11], "texture": "#texture", "tintindex": 0},
				"east": {"uv": [14, 10, 15, 12], "texture": "#texture", "tintindex": 0},
				"south": {"uv": [1, 11, 15, 12], "texture": "#texture", "tintindex": 0},
				"west": {"uv": [1, 10, 2, 12], "texture": "#texture", "tintindex": 0},
				"up": {"uv": [1, 10, 15, 12], "texture": "#texture", "tintindex": 0},
				"down": {"uv": [1, 12, 15, 10], "texture": "#texture", "tintindex": 0}
			}
		},
		{
			"from": [1, -1.25, 12],
			"to": [14, -0.75, 13],
			"faces": {
				"north": {"uv": [1, 12, 14, 13], "texture": "#texture", "tintindex": 0},
				"east": {"uv": [13, 12, 14, 13], "texture": "#texture", "tintindex": 0},
				"south": {"uv": [1, 12, 14, 13], "texture": "#texture", "tintindex": 0},
				"west": {"uv": [1, 12, 2, 13], "texture": "#texture", "tintindex": 0},
				"up": {"uv": [1, 12, 14, 13], "texture": "#texture", "tintindex": 0},
				"down": {"uv": [1, 12, 14, 13], "texture": "#texture", "tintindex": 0}
			}
		},
		{
			"from": [2, -1.25, 13],
			"to": [14, -0.75, 14],
			"faces": {
				"north": {"uv": [2, 13, 14, 14], "texture": "#texture", "tintindex": 0},
				"east": {"uv": [13, 13, 14, 14], "texture": "#texture", "tintindex": 0},
				"south": {"uv": [2, 13, 14, 14], "texture": "#texture", "tintindex": 0},
				"west": {"uv": [2, 13, 3, 14], "texture": "#texture", "tintindex": 0},
				"up": {"uv": [2, 13, 14, 14], "texture": "#texture", "tintindex": 0},
				"down": {"uv": [2, 13, 14, 14], "texture": "#texture", "tintindex": 0}
			}
		},
		{
			"from": [4, -1.25, 14],
			"to": [12, -0.75, 15],
			"faces": {
				"north": {"uv": [4, 14, 12, 15], "texture": "#texture", "tintindex": 0},
				"east": {"uv": [11, 14, 12, 15], "texture": "#texture", "tintindex": 0},
				"south": {"uv": [4, 14, 12, 15], "texture": "#texture", "tintindex": 0},
				"west": {"uv": [4, 14, 5, 15], "texture": "#texture", "tintindex": 0},
				"up": {"uv": [4, 14, 12, 15], "texture": "#texture", "tintindex": 0},
				"down": {"uv": [4, 14, 12, 15], "texture": "#texture", "tintindex": 0}
			}
		},
		{
			"from": [6, -1.25, 15],
			"to": [10, -0.75, 16],
			"faces": {
				"north": {"uv": [6, 15, 10, 16], "texture": "#texture", "tintindex": 0},
				"east": {"uv": [9, 15, 10, 16], "texture": "#texture", "tintindex": 0},
				"south": {"uv": [6, 15, 10, 16], "texture": "#texture", "tintindex": 0},
				"west": {"uv": [6, 15, 7, 16], "texture": "#texture", "tintindex": 0},
				"up": {"uv": [6, 15, 10, 16], "texture": "#texture", "tintindex": 0},
				"down": {"uv": [6, 15, 10, 16], "texture": "#texture", "tintindex": 0}
			}
		}
	],
	"groups": [
		{
			"name": "group",
			"origin": [0, 0, 0],
			"color": 0,
			"children": [0, 1, 2, 3, 4, 5, 6, 7, 8, 9, 10, 11, 12, 13, 14]
		}
	]
}