{
	"credit": "Made with Blockbench",
	"ambientocclusion": false,
	"textures": {
		"particle": "block/lily_pad_1",
		"texture": "block/lily_pad_1"
	},
	"elements": [
		{
			"from": [0.5, -1, 4.5],
			"to": [15.5, -0.5, 10.5],
			"faces": {
				"north": {"uv": [0.5, 4.5, 15.5, 5.5], "texture": "#texture", "tintindex": 0},
				"east": {"uv": [14.5, 4.5, 15.5, 10.5], "texture": "#texture", "tintindex": 0},
				"south": {"uv": [0.5, 9.5, 15.5, 10.5], "texture": "#texture", "tintindex": 0},
				"west": {"uv": [0.5, 4.5, 1.5, 10.5], "texture": "#texture", "tintindex": 0},
				"up": {"uv": [0.5, 4.5, 15.5, 10.5], "texture": "#texture", "tintindex": 0},
				"down": {"uv": [0.5, 10.5, 15.5, 4.5], "texture": "#texture", "tintindex": 0}
			}
		},
		{
			"from": [1.5, -1, 10.5],
			"to": [14.5, -0.5, 12.5],
			"faces": {
				"north": {"uv": [1.5, 10.5, 14.5, 11.5], "texture": "#texture", "tintindex": 0},
				"east": {"uv": [13.5, 10.5, 14.5, 12.5], "texture": "#texture", "tintindex": 0},
				"south": {"uv": [1.5, 11.5, 14.5, 12.5], "texture": "#texture", "tintindex": 0},
				"west": {"uv": [1.5, 10.5, 2.5, 12.5], "texture": "#texture", "tintindex": 0},
				"up": {"uv": [1.5, 10.5, 14.5, 12.5], "texture": "#texture", "tintindex": 0},
				"down": {"uv": [1.5, 12.5, 14.5, 10.5], "texture": "#texture", "tintindex": 0}
			}
		},
		{
			"from": [2.5, -1, 12.5],
			"to": [13.5, -0.5, 13.5],
			"faces": {
				"north": {"uv": [2.5, 12.5, 13.5, 13.5], "texture": "#texture", "tintindex": 0},
				"east": {"uv": [12.5, 12.5, 13.5, 13.5], "texture": "#texture", "tintindex": 0},
				"south": {"uv": [2.5, 12.5, 13.5, 13.5], "texture": "#texture", "tintindex": 0},
				"west": {"uv": [12.5, 12.5, 13.5, 13.5], "texture": "#texture", "tintindex": 0},
				"up": {"uv": [2.5, 12.5, 13.5, 13.5], "texture": "#texture", "tintindex": 0},
				"down": {"uv": [2.5, 12.5, 13.5, 13.5], "texture": "#texture", "tintindex": 0}
			}
		},
		{
			"from": [3.5, -1, 13.5],
			"to": [12.5, -0.5, 14.5],
			"faces": {
				"north": {"uv": [3.5, 13.5, 12.5, 14.5], "texture": "#texture", "tintindex": 0},
				"east": {"uv": [11.5, 13.5, 12.5, 14.5], "texture": "#texture", "tintindex": 0},
				"south": {"uv": [3.5, 13.5, 12.5, 14.5], "texture": "#texture", "tintindex": 0},
				"west": {"uv": [3.5, 13.5, 4.5, 14.5], "texture": "#texture", "tintindex": 0},
				"up": {"uv": [3.5, 13.5, 12.5, 14.5], "texture": "#texture", "tintindex": 0},
				"down": {"uv": [3.5, 13.5, 12.5, 14.5], "texture": "#texture", "tintindex": 0}
			}
		},
		{
			"from": [5.5, -1, 14.5],
			"to": [10.5, -0.5, 15.5],
			"faces": {
				"north": {"uv": [5.5, 14.5, 10.5, 15.5], "texture": "#texture", "tintindex": 0},
				"east": {"uv": [9.5, 14.5, 10.5, 15.5], "texture": "#texture", "tintindex": 0},
				"south": {"uv": [5.5, 14.5, 10.5, 15.5], "texture": "#texture", "tintindex": 0},
				"west": {"uv": [5.5, 14.5, 6.5, 15.5], "texture": "#texture", "tintindex": 0},
				"up": {"uv": [5.5, 14.5, 10.5, 15.5], "texture": "#texture", "tintindex": 0},
				"down": {"uv": [5.5, 14.5, 10.5, 15.5], "texture": "#texture", "tintindex": 0}
			}
		},
		{
			"from": [1.5, -1, 2.5],
			"to": [7.5, -0.5, 4.5],
			"faces": {
				"north": {"uv": [1.5, 2.5, 7.5, 3], "texture": "#texture", "tintindex": 0},
				"east": {"uv": [7, 2.5, 7.5, 4.5], "texture": "#texture", "tintindex": 0},
				"south": {"uv": [1.5, 4, 7.5, 4.5], "texture": "#texture", "tintindex": 0},
				"west": {"uv": [1.5, 2.5, 2, 4.5], "texture": "#texture", "tintindex": 0},
				"up": {"uv": [1.5, 2.5, 7.5, 4.5], "texture": "#texture", "tintindex": 0},
				"down": {"uv": [1.5, 4.5, 7.5, 2.5], "texture": "#texture", "tintindex": 0}
			}
		},
		{
			"from": [8.5, -1, 2.5],
			"to": [14.5, -0.5, 4.5],
			"faces": {
				"north": {"uv": [8.5, 2.5, 14.5, 3], "texture": "#texture", "tintindex": 0},
				"east": {"uv": [14, 2.5, 14.5, 4.5], "texture": "#texture", "tintindex": 0},
				"south": {"uv": [8.5, 4, 14.5, 4.5], "texture": "#texture", "tintindex": 0},
				"west": {"uv": [8.5, 2.5, 9, 4.5], "texture": "#texture", "tintindex": 0},
				"up": {"uv": [8.5, 2.5, 14.5, 4.5], "texture": "#texture", "tintindex": 0},
				"down": {"uv": [8.5, 4.5, 14.5, 2.5], "texture": "#texture", "tintindex": 0}
			}
		},
		{
			"from": [2.5, -1, 1.5],
			"to": [6.5, -0.5, 2.5],
			"faces": {
				"north": {"uv": [2.5, 1.5, 6.5, 2], "texture": "#texture", "tintindex": 0},
				"east": {"uv": [5.5, 1.5, 6.5, 2], "texture": "#texture", "tintindex": 0},
				"south": {"uv": [2.5, 2, 6.5, 2.5], "texture": "#texture", "tintindex": 0},
				"west": {"uv": [2.5, 1.5, 3.5, 2], "texture": "#texture", "tintindex": 0},
				"up": {"uv": [2.5, 1.5, 6.5, 2.5], "texture": "#texture", "tintindex": 0},
				"down": {"uv": [2.5, 1.5, 6.5, 2.5], "texture": "#texture", "tintindex": 0}
			}
		},
		{
			"from": [9.5, -1, 1.5],
			"to": [13.5, -0.5, 2.5],
			"faces": {
				"north": {"uv": [9.5, 1.5, 13.5, 2], "texture": "#texture", "tintindex": 0},
				"east": {"uv": [12.5, 1.5, 13.5, 2], "texture": "#texture", "tintindex": 0},
				"south": {"uv": [9.5, 2, 13.5, 2.5], "texture": "#texture", "tintindex": 0},
				"west": {"uv": [9.5, 1.5, 10.5, 2], "texture": "#texture", "tintindex": 0},
				"up": {"uv": [9.5, 1.5, 13.5, 2.5], "texture": "#texture", "tintindex": 0},
				"down": {"uv": [9.5, 1.5, 13.5, 2.5], "texture": "#texture", "tintindex": 0}
			}
		},
		{
			"from": [3.5, -1, 0.5],
			"to": [5.5, -0.5, 1.5],
			"faces": {
				"north": {"uv": [3.5, 0.5, 5.5, 1], "texture": "#texture", "tintindex": 0},
				"east": {"uv": [4.5, 0.5, 5.5, 1], "texture": "#texture", "tintindex": 0},
				"south": {"uv": [3.5, 1, 5.5, 1.5], "texture": "#texture", "tintindex": 0},
				"west": {"uv": [3.5, 0.5, 4.5, 1], "texture": "#texture", "tintindex": 0},
				"up": {"uv": [3.5, 0.5, 5.5, 1.5], "texture": "#texture", "tintindex": 0},
				"down": {"uv": [3.5, 0.5, 5.5, 1.5], "texture": "#texture", "tintindex": 0}
			}
		},
		{
			"from": [10.5, -1, 0.5],
			"to": [12.5, -0.5, 1.5],
			"faces": {
				"north": {"uv": [3.5, 0.5, 5.5, 1], "texture": "#texture", "tintindex": 0},
				"east": {"uv": [4.5, 0.5, 5.5, 1], "texture": "#texture", "tintindex": 0},
				"south": {"uv": [3.5, 1, 5.5, 1.5], "texture": "#texture", "tintindex": 0},
				"west": {"uv": [3.5, 0.5, 4.5, 1], "texture": "#texture", "tintindex": 0},
				"up": {"uv": [10.5, 0.5, 12.5, 1.5], "texture": "#texture", "tintindex": 0},
				"down": {"uv": [10.5, 0.5, 12.5, 1.5], "texture": "#texture", "tintindex": 0}
			}
		}
	]
}