{
	"credit": "Made with Blockbench",
	"texture_size": [32, 32],
	"textures": {
		"1": "item/jungle1",
		"2": "item/pot1",
		"3": "item/pot2",
		"particle": "item/pot1"
	},
	"elements": [
		{
			"from": [6.25, 0, 6.5],
			"to": [8.25, 13, 8.5],
			"faces": {
				"north": {"uv": [0, 3, 2, 16], "texture": "#1"},
				"east": {"uv": [1, 16, 3, 3], "texture": "#1"},
				"south": {"uv": [2, 3, 4, 16], "texture": "#1"},
				"west": {"uv": [1, 3, 3, 16], "texture": "#1"},
				"up": {"uv": [0, 0, 0.5, 0.5], "texture": "#1"},
				"down": {"uv": [0, 0, 1, 1], "texture": "#1"}
			}
		},
		{
			"from": [8.25, 2, 7.5],
			"to": [9.25, 4, 8.5],
			"faces": {
				"north": {"uv": [0, 0, 1, 2], "texture": "#1"},
				"east": {"uv": [0, 15, 1, 13], "texture": "#1"},
				"south": {"uv": [0, 10, 1, 12], "texture": "#1"},
				"west": {"uv": [1, 14, 2, 16], "texture": "#1"},
				"up": {"uv": [0, 0, 0.5, 0.5], "texture": "#1"},
				"down": {"uv": [0, 0, 1, 1], "texture": "#1"}
			}
		},
		{
			"from": [8.25, 11, 7.5],
			"to": [9.25, 13, 8.5],
			"faces": {
				"north": {"uv": [0, 0, 1, 2], "texture": "#1"},
				"east": {"uv": [0, 15, 1, 13], "texture": "#1"},
				"south": {"uv": [0, 10, 1, 12], "texture": "#1"},
				"west": {"uv": [1, 14, 2, 16], "texture": "#1"},
				"up": {"uv": [0, 0, 0.5, 0.5], "texture": "#1"},
				"down": {"uv": [0, 0, 1, 1], "texture": "#1"}
			}
		},
		{
			"from": [6.25, 5, 8.5],
			"to": [7.25, 7, 9.5],
			"faces": {
				"north": {"uv": [0, 0, 1, 2], "texture": "#1"},
				"east": {"uv": [0, 15, 1, 13], "texture": "#1"},
				"south": {"uv": [0, 10, 1, 12], "texture": "#1"},
				"west": {"uv": [1, 14, 2, 16], "texture": "#1"},
				"up": {"uv": [0, 0, 0.5, 0.5], "texture": "#1"},
				"down": {"uv": [0, 0, 1, 1], "texture": "#1"}
			}
		},
		{
			"from": [6.25, 8, 5.5],
			"to": [7.25, 10, 6.5],
			"faces": {
				"north": {"uv": [0, 0, 1, 2], "texture": "#1"},
				"east": {"uv": [0, 15, 1, 13], "texture": "#1"},
				"south": {"uv": [0, 10, 1, 12], "texture": "#1"},
				"west": {"uv": [1, 14, 2, 16], "texture": "#1"},
				"up": {"uv": [0, 0, 0.5, 0.5], "texture": "#1"},
				"down": {"uv": [0, 0, 1, 1], "texture": "#1"}
			}
		},
		{
			"from": [7.25, 12, 5.5],
			"to": [8.25, 13, 6.5],
			"faces": {
				"north": {"uv": [8, 4, 9, 5], "texture": "#1"},
				"east": {"uv": [7, 4, 8, 5], "texture": "#1"},
				"south": {"uv": [12, 7, 11, 8], "texture": "#1"},
				"west": {"uv": [13, 0, 14, 1], "texture": "#1"},
				"up": {"uv": [15, 4, 16, 5], "texture": "#1"},
				"down": {"uv": [5, 0, 6, 1], "texture": "#1"}
			}
		},
		{
			"from": [6.25, 12, 9.5],
			"to": [7.25, 13, 10.5],
			"faces": {
				"north": {"uv": [12, 4, 13, 5], "texture": "#1"},
				"east": {"uv": [8, 4, 9, 5], "texture": "#1"},
				"south": {"uv": [7, 8, 6, 9], "texture": "#1"},
				"west": {"uv": [7, 1, 8, 2], "texture": "#1"},
				"up": {"uv": [8, 4, 9, 5], "texture": "#1"},
				"down": {"uv": [6, 3, 7, 4], "texture": "#1"}
			}
		},
		{
			"from": [5.25, 12, 7.5],
			"to": [6.25, 13, 8.5],
			"faces": {
				"north": {"uv": [8, 4, 9, 5], "texture": "#1"},
				"east": {"uv": [11, 5, 12, 6], "texture": "#1"},
				"south": {"uv": [8, 7, 7, 8], "texture": "#1"},
				"west": {"uv": [14, 0, 15, 1], "texture": "#1"},
				"up": {"uv": [15, 4, 16, 5], "texture": "#1"},
				"down": {"uv": [5, 0, 6, 1], "texture": "#1"}
			}
		},
		{
			"from": [3.25, 13, 3.5],
			"to": [11.25, 15, 11.5],
			"faces": {
				"north": {"uv": [6, 2, 14, 4], "texture": "#1"},
				"east": {"uv": [6, 7, 14, 9], "texture": "#1"},
				"south": {"uv": [14, 7, 6, 9], "texture": "#1"},
				"west": {"uv": [6, 1, 14, 3], "texture": "#1"},
				"up": {"uv": [8, 8, 16, 16], "texture": "#1"},
				"down": {"uv": [5, 1, 12, 9], "texture": "#1"}
			}
		},
		{
			"from": [4.25, 15, 4.5],
			"to": [10.25, 17, 10.5],
			"faces": {
				"north": {"uv": [10, 0, 16, 2], "texture": "#1"},
				"east": {"uv": [7, 0, 13, 2], "texture": "#1"},
				"south": {"uv": [16, 0, 10, 2], "texture": "#1"},
				"west": {"uv": [9, 0, 15, 2], "texture": "#1"},
				"up": {"uv": [9, 9, 15, 15], "texture": "#1"},
				"down": {"uv": [5, 1, 12, 9], "texture": "#1"}
			}
		},
		{
			"from": [5, 0, 5],
			"to": [10, 3, 10],
			"faces": {
				"north": {"uv": [9, 12, 14, 15], "texture": "#2"},
				"east": {"uv": [7, 12, 12, 15], "texture": "#2"},
				"south": {"uv": [0, 11, 5, 14], "texture": "#2"},
				"west": {"uv": [6, 12, 11, 15], "texture": "#2"},
				"up": {"uv": [10, 1, 15, 6], "texture": "#2"},
				"down": {"uv": [14, 13, 16.5, 15.5], "texture": "#2"}
			}
		},
		{
			"from": [9.75, 3, 5],
			"to": [10.25, 4, 10],
			"faces": {
				"north": {"uv": [1, 0, 1.25, 0.5], "texture": "#3"},
				"east": {"uv": [0, 0, 5, 1], "texture": "#3"},
				"south": {"uv": [0, 0, 0.25, 0.5], "texture": "#3"},
				"west": {"uv": [5, 0, 10, 1], "texture": "#3"},
				"up": {"uv": [2, 0, 7, 1], "rotation": 90, "texture": "#3"},
				"down": {"uv": [3, 0, 8, 1], "rotation": 90, "texture": "#3"}
			}
		},
		{
			"from": [4.75, 3, 5],
			"to": [5.25, 4, 10],
			"faces": {
				"north": {"uv": [1, 0, 1.25, 0.5], "texture": "#3"},
				"east": {"uv": [0, 0, 5, 1], "texture": "#3"},
				"south": {"uv": [0, 0, 0.25, 0.5], "texture": "#3"},
				"west": {"uv": [5, 0, 10, 1], "texture": "#3"},
				"up": {"uv": [2, 0, 7, 1], "rotation": 90, "texture": "#3"},
				"down": {"uv": [3, 0, 8, 1], "rotation": 90, "texture": "#3"}
			}
		},
		{
			"from": [6.75, 3, 4.75],
			"to": [9.75, 4, 5.25],
			"faces": {
				"north": {"uv": [13, 1, 16, 2], "texture": "#3"},
				"east": {"uv": [0, 0, 0.25, 0.5], "texture": "#3"},
				"south": {"uv": [2, 1, 5, 2], "texture": "#3"},
				"west": {"uv": [0, 0, 1, 1], "texture": "#3"},
				"up": {"uv": [1, 0, 4, 1], "texture": "#3"},
				"down": {"uv": [7, 1, 10, 2], "texture": "#3"}
			}
		},
		{
			"from": [5.25, 3, 9.75],
			"to": [8.25, 4, 10.25],
			"faces": {
				"north": {"uv": [13, 1, 16, 2], "texture": "#3"},
				"east": {"uv": [0, 0, 0.25, 0.5], "texture": "#3"},
				"south": {"uv": [2, 1, 5, 2], "texture": "#3"},
				"west": {"uv": [0, 0, 1, 1], "texture": "#3"},
				"up": {"uv": [1, 0, 4, 1], "texture": "#3"},
				"down": {"uv": [2, 1, 5, 2], "texture": "#3"}
			}
		},
		{
			"from": [8.5, 1, 4.75],
			"to": [9.5, 2, 5],
			"faces": {
				"north": {"uv": [1, 9, 2, 10], "texture": "#3"},
				"east": {"uv": [5, 8, 6, 9], "texture": "#3"},
				"south": {"uv": [5, 8, 6, 9], "texture": "#3"},
				"west": {"uv": [5, 8, 5.25, 9], "texture": "#3"},
				"up": {"uv": [5, 8, 6, 8.25], "texture": "#3"},
				"down": {"uv": [5, 8, 6, 8.25], "texture": "#3"}
			}
		},
		{
			"from": [5.5, 1, 4.75],
			"to": [6.5, 2, 5],
			"faces": {
				"north": {"uv": [1, 9, 2, 10], "texture": "#3"},
				"east": {"uv": [5, 8, 6, 9], "texture": "#3"},
				"south": {"uv": [5, 8, 6, 9], "texture": "#3"},
				"west": {"uv": [5, 8, 5.25, 9], "texture": "#3"},
				"up": {"uv": [5, 8, 6, 8.25], "texture": "#3"},
				"down": {"uv": [5, 8, 6, 8.25], "texture": "#3"}
			}
		},
		{
			"from": [8.5, 1, 10],
			"to": [9.5, 2, 10.25],
			"faces": {
				"north": {"uv": [1, 9, 2, 10], "texture": "#3"},
				"east": {"uv": [5, 8, 6, 9], "texture": "#3"},
				"south": {"uv": [5, 8, 6, 9], "texture": "#3"},
				"west": {"uv": [5, 8, 5.25, 9], "texture": "#3"},
				"up": {"uv": [5, 8, 6, 8.25], "texture": "#3"},
				"down": {"uv": [5, 8, 6, 8.25], "texture": "#3"}
			}
		},
		{
			"from": [5.5, 1, 10],
			"to": [6.5, 2, 10.25],
			"faces": {
				"north": {"uv": [1, 9, 2, 10], "texture": "#3"},
				"east": {"uv": [5, 8, 6, 9], "texture": "#3"},
				"south": {"uv": [5, 8, 6, 9], "texture": "#3"},
				"west": {"uv": [5, 8, 5.25, 9], "texture": "#3"},
				"up": {"uv": [5, 8, 6, 8.25], "texture": "#3"},
				"down": {"uv": [5, 8, 6, 8.25], "texture": "#3"}
			}
		},
		{
			"from": [4.75, 1, 8.5],
			"to": [5, 2, 9.5],
			"faces": {
				"north": {"uv": [5, 8, 5.25, 9], "texture": "#3"},
				"east": {"uv": [1, 9, 2, 10], "texture": "#3"},
				"south": {"uv": [5, 8, 6, 9], "texture": "#3"},
				"west": {"uv": [5, 8, 6, 9], "texture": "#3"},
				"up": {"uv": [5, 8, 6, 8.25], "rotation": 90, "texture": "#3"},
				"down": {"uv": [5, 8, 6, 8.25], "rotation": 270, "texture": "#3"}
			}
		},
		{
			"from": [4.75, 1, 5.5],
			"to": [5, 2, 6.5],
			"faces": {
				"north": {"uv": [5, 8, 5.25, 9], "texture": "#3"},
				"east": {"uv": [1, 9, 2, 10], "texture": "#3"},
				"south": {"uv": [5, 8, 6, 9], "texture": "#3"},
				"west": {"uv": [5, 8, 6, 9], "texture": "#3"},
				"up": {"uv": [5, 8, 6, 8.25], "rotation": 90, "texture": "#3"},
				"down": {"uv": [5, 8, 6, 8.25], "rotation": 270, "texture": "#3"}
			}
		},
		{
			"from": [10, 1, 8.5],
			"to": [10.25, 2, 9.5],
			"faces": {
				"north": {"uv": [5, 8, 5.25, 9], "texture": "#3"},
				"east": {"uv": [1, 9, 2, 10], "texture": "#3"},
				"south": {"uv": [5, 8, 6, 9], "texture": "#3"},
				"west": {"uv": [5, 8, 6, 9], "texture": "#3"},
				"up": {"uv": [5, 8, 6, 8.25], "rotation": 90, "texture": "#3"},
				"down": {"uv": [5, 8, 6, 8.25], "rotation": 270, "texture": "#3"}
			}
		},
		{
			"from": [10, 1, 5.5],
			"to": [10.25, 2, 6.5],
			"faces": {
				"north": {"uv": [5, 8, 5.25, 9], "texture": "#3"},
				"east": {"uv": [1, 9, 2, 10], "texture": "#3"},
				"south": {"uv": [5, 8, 6, 9], "texture": "#3"},
				"west": {"uv": [5, 8, 6, 9], "texture": "#3"},
				"up": {"uv": [5, 8, 6, 8.25], "rotation": 90, "texture": "#3"},
				"down": {"uv": [5, 8, 6, 8.25], "rotation": 270, "texture": "#3"}
			}
		}
	],
	"groups": [0, 1, 2, 3, 4, 5, 6, 7, 8, 9,
		{
			"name": "lol",
			"origin": [8, 8, 8],
			"color": 0,
			"children": [10, 11, 12, 13, 14, 15, 16, 17, 18, 19, 20, 21, 22]
		}
	]
}