{
	"credit": "Made with Blockbench",
	"texture_size": [32, 32],
	"textures": {
		"1": "item/spruce1"
	},
	"elements": [
		{
			"from": [8, 0, 7],
			"to": [9, 16, 8],
			"faces": {
				"north": {"uv": [2, 0, 3, 16], "texture": "#1"},
				"east": {"uv": [3, 16, 4, 0], "texture": "#1"},
				"south": {"uv": [3, 0, 4, 16], "texture": "#1"},
				"west": {"uv": [0, 0, 1, 16], "texture": "#1"},
				"up": {"uv": [0, 0, 0.5, 0.5], "texture": "#1"},
				"down": {"uv": [0, 0, 1, 1], "texture": "#1"}
			}
		},
		{
			"from": [5, 4, 4],
			"to": [12, 6, 11],
			"faces": {
				"north": {"uv": [9, 11, 16, 13], "texture": "#1"},
				"east": {"uv": [9, 14, 16, 16], "texture": "#1"},
				"south": {"uv": [14, 14, 7, 16], "texture": "#1"},
				"west": {"uv": [9, 7, 16, 9], "texture": "#1"},
				"up": {"uv": [9, 9, 16, 16], "texture": "#1"},
				"down": {"uv": [5, 2, 12, 9], "texture": "#1"}
			}
		},
		{
			"from": [5, 7, 4],
			"to": [12, 8, 11],
			"faces": {
				"north": {"uv": [5, 14, 12, 15], "texture": "#1"},
				"east": {"uv": [5, 11, 12, 12], "texture": "#1"},
				"south": {"uv": [14, 14, 7, 15], "texture": "#1"},
				"west": {"uv": [5, 5, 12, 6], "texture": "#1"},
				"up": {"uv": [9, 9, 16, 16], "texture": "#1"},
				"down": {"uv": [5, 2, 12, 9], "texture": "#1"}
			}
		},
		{
			"from": [6, 9, 5],
			"to": [11, 10, 10],
			"faces": {
				"north": {"uv": [8, 10, 13, 11], "texture": "#1"},
				"east": {"uv": [7, 11, 12, 12], "texture": "#1"},
				"south": {"uv": [10, 10, 5, 11], "texture": "#1"},
				"west": {"uv": [6, 6, 11, 7], "texture": "#1"},
				"up": {"uv": [10, 10, 15, 15], "texture": "#1"},
				"down": {"uv": [5, 2, 10, 7], "texture": "#1"}
			}
		},
		{
			"from": [6, 11, 5],
			"to": [11, 12, 10],
			"faces": {
				"north": {"uv": [6, 10, 11, 11], "texture": "#1"},
				"east": {"uv": [7, 13, 12, 14], "texture": "#1"},
				"south": {"uv": [11, 13, 6, 14], "texture": "#1"},
				"west": {"uv": [8, 6, 13, 7], "texture": "#1"},
				"up": {"uv": [10, 10, 15, 15], "texture": "#1"},
				"down": {"uv": [5, 2, 10, 7], "texture": "#1"}
			}
		},
		{
			"from": [7, 13, 6],
			"to": [10, 14, 9],
			"faces": {
				"north": {"uv": [9, 12, 12, 13], "texture": "#1"},
				"east": {"uv": [11, 13, 14, 14], "texture": "#1"},
				"south": {"uv": [10, 15, 7, 16], "texture": "#1"},
				"west": {"uv": [9, 7, 12, 8], "texture": "#1"},
				"up": {"uv": [10, 10, 13, 13], "texture": "#1"},
				"down": {"uv": [5, 2, 8, 5], "texture": "#1"}
			}
		},
		{
			"from": [7.25, 15.25, 6.25],
			"to": [9.75, 16.25, 8.75],
			"faces": {
				"north": {"uv": [9, 12, 12, 13], "texture": "#1"},
				"east": {"uv": [9, 15, 12, 16], "texture": "#1"},
				"south": {"uv": [10, 15, 7, 16], "texture": "#1"},
				"west": {"uv": [9, 7, 12, 8], "texture": "#1"},
				"up": {"uv": [7, 6, 10, 9], "texture": "#1"},
				"down": {"uv": [5, 2, 8, 5], "texture": "#1"}
			}
		},
		{
			"from": [7, 6, 6],
			"to": [10, 7, 9],
			"faces": {
				"north": {"uv": [9, 12, 12, 13], "texture": "#1"},
				"east": {"uv": [9, 15, 12, 16], "texture": "#1"},
				"south": {"uv": [10, 15, 7, 16], "texture": "#1"},
				"west": {"uv": [12, 4, 15, 5], "texture": "#1"},
				"up": {"uv": [10, 10, 13, 13], "texture": "#1"},
				"down": {"uv": [5, 2, 8, 5], "texture": "#1"}
			}
		},
		{
			"from": [7, 8, 6],
			"to": [10, 9, 9],
			"faces": {
				"north": {"uv": [5, 9, 8, 10], "texture": "#1"},
				"east": {"uv": [11, 12, 14, 13], "texture": "#1"},
				"south": {"uv": [9, 13, 6, 14], "texture": "#1"},
				"west": {"uv": [9, 7, 12, 8], "texture": "#1"},
				"up": {"uv": [10, 10, 13, 13], "texture": "#1"},
				"down": {"uv": [5, 2, 8, 5], "texture": "#1"}
			}
		},
		{
			"from": [7, 10, 6],
			"to": [10, 11, 9],
			"faces": {
				"north": {"uv": [10, 5, 13, 6], "texture": "#1"},
				"east": {"uv": [6, 13, 9, 14], "texture": "#1"},
				"south": {"uv": [10, 15, 7, 16], "texture": "#1"},
				"west": {"uv": [7, 5, 10, 6], "texture": "#1"},
				"up": {"uv": [10, 10, 13, 13], "texture": "#1"},
				"down": {"uv": [5, 2, 8, 5], "texture": "#1"}
			}
		}
	]
}